study,study_id,journal,owe_b,owe_se,owe_lb,owe_ub,group,overall,country,published,authors,title,url,source,data_version
Addison Blackburn Cotti 2009,abc_2009_le,Labour Economics,0.452,0.436,-0.402,1.307,Retail,0,US,1,"John T. Addison, McKinley L. Blackburn and Chad D. Cotti",Do Minimum Wages Raise Employment? Evidence from the U.S. Retail-trade Sector,https://doi.org/10.1016/j.labeco.2008.12.007,"Weighted average of wage and employment elasticities for three sectors with statistically positive wage effects: convenience stores; specialty food stores; beer, wine, and liquor stores. Elasticities from Table 4 (estimates with county-level trends). Weights are mean employment counts from Table 1.",0.4.0
Addison Blackburn Cotti 2012,abc_2012_bjir,British Journal of Industrial Relations,-0.035,0.193,-0.414,0.343,Restaurants,0,US,1,"John T. Addison, McKinley L. Blackburn and Chad D. Cotti",The Effect of Minimum Wages on Labour Market Outcomes: County-Level Estimates from the Restaurant-and-Bar Sector,https://doi.org/10.1111/j.1467-8543.2010.00819.x,"Wage and employment elasticities from Table 3 (estimates with county-level trends). Authors write that ""specifications with trends are to be preferred"" (p.426).",0.4.0
Addison Blackburn Cotti 2013,abc_2013_le,Labour Economics,-0.084,0.122,-0.324,0.156,Restaurants,0,US,1,"John T. Addison, McKinley L. Blackburn and Chad D. Cotti",Minimum Wage Increases in a Recessionary Environment,https://doi.org/10.1016/j.labeco.2013.02.004,"Earnings and employment elasticities from Table 2, row 1 (food and drinking places), ""county trends"" specifications. Authors prefer this specification over ""basic"" and ""border county"": ""our preference is to direclty model county-specific trends, and with this approach the estimates are quite precise"" (p.35). No reported wage effects for analysis using CPS or ACS, or for unemployment heterogeneity analysis.",0.4.0
Aitken Dolton Riley 2019,adr_2019_wp,NIESR Discussion Paper,-0.254,0.223,-0.69,0.182,Low wage incumbents,1,UK,0,"Andrew Aitken, Peter Dolton and Rebecca Riley","The Impact of the Introduction of the National Living Wage on Employment, Hours, and Wages",https://www.niesr.ac.uk/wp-content/uploads/2021/10/DP501.pdf,"Percent wage change from Table 5, row 1, specification 1. To calculate the percent employment change, we take the percentage point employment change from Table 7, row 1, specification 1 and divide it by the 0.67 treated group mean in 2015. These are the ""2015 as treatment year"" estimates, estimating the effect of the 2016 increase, as opposed to the ""2016 as treatment year"" estimates, which focus on the 2017 uprating.",0.4.0
Allegretto Dube Reich 2011,adr_2011_ir,Industrial Relations,0.315,0.402,-0.472,1.103,Teens,0,US,1,"Sylvia A. Allegretto, Arindrajit Dube and Michael Reich",Do Minimum Wages Really Reduce Teen Employment? Accounting for Heterogeneity and Selectivity in State Panel Data,https://doi.org/10.1111/j.1468-232X.2011.00634.x,"Wage and employment elasticities from Table 3, specification 4, row ""All teens"". Employment elasticity standard error calculated by scaling standard error of semi-elasticity by ratio of elasticity to semi-elasticity.",0.4.0
Allegretto Dube Reich Zipperer 2017,adrz_2017_ilrr,ILR Review,0.043,0.188,-0.325,0.411,Teens,0,US,1,"Sylvia Allegretto, Arindrajit Dube, Michael Reich and Ben Zipperer",Credible Research Designs for Minimum Wage Studies,https://doi.org/10.1177/0019793917692788,"Teen wage and employment elasticities from Table 1, specification 2 (linear trends), row ""Division-period FE"".",0.4.0
Allegretto and Nadler 2015,an_2015_ir,Industrial Relations,-0.024,0.662,-1.322,1.275,Restaurants,0,US,1,Sylvia Allegretto and Carl Nadler,Tipped Wage Effects on Earnings and Employment in Full-Service Restaurants,https://doi.org/10.1111/irel.12108,"Wage and employment elasticities from Table 2, Panel A (Full service Restaurants), specification 4 (Division-period effects and state-specific time trends), adding the tipped and headline minimum effects together. Standard errors assume no covariance between the tipped and headline minimum wage effect estimates.",0.4.0
Azar Huet-Vaughn Marinescu Taska Wachter 2023,ahvmtw_2023_restud,The Review of Economic Studies,0.088,0.925,-1.725,1.9,Retail,0,US,1,"José Azar, Emiliano Huet-Vaughn, Ioana Elena Marinescu, Bledi Taska and Till Von Wachter",Minimum Wage Employment Effects and Labor Market Concentration,https://doi.org/10.1093/restud/rdad091,"Weighted average of elasticities and their variances for the three mid-HHI occupation OWEs presented in Figure 7 (Stock Clerks, Retail Sales, and Cashiers), where the weights are the sample sizes from Table 3. Authors emailed the three OWEs coefficients and standard errors used in Figure 7.",0.4.0
Bailey DiNardo Stuart 2021,bds_2021_jole,Journal of Labor Economics,-0.135,0.077,-0.286,0.016,"Men, Ages 16-64",1,US,1,"Martha J. Bailey, John DiNardo and Bryan A. Stuart",The Economic Impact of a High National Minimum Wage: Evidence from the 1966 Fair Labor Standards Act,https://doi.org/10.1086/712554,"Own-wage elasticity reported in Table 3, panel A (Employed during year), specification 3. Authors use specification 3 in Figure 6.",0.4.0
Borgshulte and Cho 2020,bc_2020_ilrr,ILR Review,0.419,0.301,-0.171,1.008,Ages 62-70,0,US,1,Mark Borgshulte and Heepyung Cho,Minimum Wages and Retirement,https://doi.org/10.1177/0019793919845861,"The statistically significant earnings elasticity estimate is from Table 3, specification 5, Panel E. The analogous employment elasticity estimate is Table 3, specification 5, panel A.",0.4.0
Bossler and Gerner 2020,bg_2020_ilrr,ILR Review,-0.278,0.212,-0.694,0.138,Low-wage establishments,1,Germany,1,Mario Bossler and Hans-Dieter Gerner,Employment Effects of the new German Minimum Wage: Evidence from Establishment-level Microdata,https://doi.org/10.1177/0019793919889635,"Own-wage elasticity reported in Table 2, specification 3 (Derived labor demand elasticity), Panel B (Intensive treatment definition). Authors emailed to select this specification.",0.4.0
Brown and Herbst 2023,bh_2023_wp,IZA Discussion Paper,0.841,0.855,-0.834,2.516,Child care workers,0,US,0,Jessica H. Brown and Chris M. Herbst,"Minimum Wage, Worker Quality, and Consumer Well-Being: Evidence from the Child Care Market",https://docs.iza.org/dp16257.pdf,Earnings and employment elasticities reported in specification 1 (All) of Table 1.,0.4.0
Burkhauser Couch Wittenburg 2000,bcw_2000_jole,Journal of Labor Economics,-0.604,0.184,-0.965,-0.242,Teens,0,US,1,"Richard V. Burkhauser, Kenneth A. Couch and David C. Wittenburg",A Reassessment of the New Economics of the Minimum Wage Literature with Monthly Data from the Current Population Survey,https://doi.org/10.1086/209972,"Wage elasticity from Table 2, specification 1 (1979-1992, seasonal, state, and year effects). Employment elasticity from the ""controls for state-level autocorrelation and heteroskedasticity correction"" elasticity reported in Table 7, specification Table 3 (4) (1979-1992, seasonal, state, and year effects), where the semi-elasticity standard error is scaled by the ratio of the elasticity to semi-elasticity. Authors prefer models without year effects but our review is restricted to DD-style estimators as opposed to repeated time series, so we chose the year fixed effect estimate in paper that had statistically significant wage effects and a similar employment effect specification that seem to be preferred by author.",0.4.0
Butcher and Dickens 2023,bd_2023_lpc,Low Pay Commission,0.476,0.395,-0.298,1.25,All workers,1,UK,1,Tim Butcher and Richard Dickens,"Impact of the National Living Wage using Geographic, Age and Gender Wage Variation",https://www.gov.uk/government/publications/national-living-wage-impacts-by-geography-age-and-gender,"Wage percent change from Table 3, column 4. Employment percent change is the percentage point change in employment from Table 4, column 4, divided by the overall employment rate of 0.65 (see footnote 65).",0.4.0
Campolieti Gunderson Riddell 2006,cgr_2006_ir,Industrial Relations,-0.548,0.359,-1.252,0.156,Ages 16-24,0,Canada,1,"Michele Campolieti, Morley Gunderson and Chris Riddell",Minimum Wage Impacts from a Prespecified Research Design: Canada 1981-1997,https://doi.org/10.1111/j.1468-232X.2006.00424.x,"Own-wage elasticity reported in Table 4, panel ""Including prime-age skilled employment rate"", specification ""Youths 16-24 combined"".",0.4.0
Card 1992a,card_1992_ilrr_ca,ILR Review,1.333,0.609,0.14,2.527,Teens,0,US,1,David Card,"Do Minimum Wages Reduce Employment? A Case Study of California, 1987-89",https://doi.org/10.1177/001979399204600104,"Estimates from ""Difference in Differences"" column of Table 4. Wage elasticity from row ""Mean Log Wage"". Employment semi-elasticity and standard error from row ""Employment rate (%)"" are divided by 42, the mean employment rate reported in the column California Teens, 1987.",0.4.0
Card 1992b,card_1992_ilrr_regional,ILR Review,0.352,0.616,-0.855,1.559,Teens,0,US,1,David Card,Using Regional Variation in Wages to Measure the Effects of the Federal Minimum Wage,https://doi.org/10.1177/001979399204600103,"Own-wage semi-elasticity reported in Table 4, specification 5, scaled by the mean of teen employment rates in 1989 across all groups (0.455).",0.4.0
Card Katz Krueger 1994,ckk_1994_ilrr,ILR Review,-0.043,0.15,-0.337,0.252,Teens,0,US,1,"David Card, Lawrence F. Katz and Alan B. Krueger","Comment on David Neumark and William Wascher, ""Employment Effects of Minimum and Subminimum Wages: Panel Data on State Minimum Wage Laws""",https://doi.org/10.1177/001979399404700308,"Own-wage semi-elasticity reported in Table 2, row 5, specification 2, divided by unweighted teen epop mean in footnote b (0.466).",0.4.0
Cengiz Dube Lindner Zentler-Munro 2022,cdlzm_2022_jole,Journal of Labor Economics,0.114,0.216,-0.309,0.537,High recall,1,US,1,"Doruk Cengiz, Arindrajit Dube, Attila Lindner and David Zentler-Munro",Seeing beyond the Trees: Using Machine Learning to Estimate the Impact of Minimum Wages on Labor Market Outcomes,https://doi.org/10.1086/718497,"Own-wage elasticity reported in Table 2, specification 3 , row ""Employment elasticity with respect to wage"" (High recall, Boosted tree)",0.4.0
Cengiz Dube Lindner Zipperer 2019,cdlz_2019_qje,Quarterly Journal of Economics,0.411,0.43,-0.432,1.254,Low wage jobs,1,US,1,"Doruk Cengiz, Arindrajit Dube, Attila Lindner and Ben Zipperer",The Effect of Minimum Wages on Low-Wage Jobs,https://doi.org/10.1093/qje/qjz014,"Own-wage elasticity reported in Table 1, specification 1, row ""Emp. elasticity w.r.t affected wage""",0.4.0
Clemens and Strain 2021,cs_2021_wp,NBER Working Paper,-0.245,NA,NA,NA,"Ages 16-25, Less than High School, Ages 16-21",0,US,0,Jeffrey Clemens and Michael R. Strain,The Heterogeneous Effects of Large and Small Minimum Wage Changes: Evidence over the Short and Medium Run Using a Pre-Analysis Plan,https://www.nber.org/system/files/working_papers/w29264/w29264.pdf,"Authors suggested simple average of own-wage elasticities reported in Table 10, specifications 1 (Low-Skill, All Changers) and 5 (Young, All Changers).",0.4.0
Coviello Deserranno Persico 2022,cdp_2022_jpe,Journal of Political Economy,-0.219,NA,NA,NA,Retail,0,US,1,"Decio Coviello, Erika Deserranno and Nicola Persico",Minimum Wage and Individual Worker Productivity: Evidence from a Large US Retailer,https://doi.org/10.1086/720397,Own-wage elasticity reported on p. 2352 and footnote 43.,0.4.0
Currie and Fallick 1996,cf_1996_jhr,The Journal of Human Resources,-0.891,0.327,-1.532,-0.249,Young incumbents,0,US,1,Janet Currie and Bruce C. Fallick,The Minimum Wage and the Employment of Youth Evidence from the NLSY,https://doi.org/10.2307/146069,"Employment elasticity uses semi-elasticity from table 2, specification 4 (Fixed Effects), divided by 0.97, the proportion employed in next year, 1987, from Table 1. Wage elasticity from Table 4, Panel B, specification 2 (Fixed Effects).",0.4.0
Derenoncourt and Montialoux 2021,dm_2021_qje,Quarterly Journal of Economics,0.06,0.16,-0.254,0.374,Overall,1,US,1,Ellora Derenoncourt and Claire Montialoux,Minimum Wages and Racial Inequality,https://doi.org/10.1093/qje/qjaa031,"Own-wage elasticity reported in Table 6, first column (All) of ""Baseline cross-state design"" specification, row ""Emp. vs (unemp/nilf) elast."". This row is referred to in authors' comparison of own-wage elasticities across specifications in Section V.A.5.",0.4.0
Dickens Riley Wilkinson 2015,drw_2015_economica,Economica,-0.596,0.482,-1.54,0.348,"Female, full-time; Males, full-time, Females, part-time",0,UK,1,"Richard Dickens, Rebecca Riley and David Wilkinson",A Re-examination of the Impact of the UK National Minimum Wage on Employmen,https://doi.org/10.1111/ecca.12158,"Weighted average of wage and employment elasticities across three groups: female full-time, female part-time, and male full-time. Weights from Table 2 pre-treatment observation counts. Wage elasticities from Table 3, line 1998. Employment semi-elasticity from Table 5, line 1998, scaled by pre-period treatment group-specific employment inferred from Figure 2.",0.4.0
Dow Godøy Lowenstein Reich 2020,dglr_2020_jhe,Journal of Health Economics,0.414,0.465,-0.497,1.325,"Women, High school or less",0,US,1,"William H. Dow, Anna Godøy, Christopher A. Lowenstein and Michael Reich",Can Economic Policies Reduce Deaths of Despair?,https://doi.org/10.1016/j.jhealeco.2020.102372,Table A1,0.4.0
Draca Machin Reenan 2011,dmvr_2011_aeja,American Economic Journal: Applied Economics,0.484,1.401,-2.262,3.23,Overall,1,UK,1,"Mirko Draca, Stephen Machin and John Van Reenan",Minimum Wages and Firm Profitability,https://doi.org/10.1257/app.3.1.129,Simple average from Table 5 of the high-market power and low-market power wage (panel A) and employment elasticities (panel C).,0.4.0
Dube 2019,dube_2019_hmt_us,Her Majesty's Treasury,0.32,0.37,-0.405,1.045,Overall,1,US,1,Arindrajit Dube,Impacts of minimum wages: review of the international evidence,https://assets.publishing.service.gov.uk/government/uploads/system/uploads/attachment_data/file/844350/impacts_of_minimum_wages_review_of_the_international_evidence_Arindrajit_Dube_web.pdf,Own-wage elasticity reported in text at top of page 33.,0.4.0
Dube Lester Reich 2010,dlr_2010_restat,The Review of Economics and Statistics,0.079,0.286,-0.482,0.64,Restaurants,0,US,1,"Arindrajit Dube, T. William Lester and Michael Reich",Minimum Wage Effects Across State Borders: Estimates Using Contiguous Counties,https://doi.org/10.1162/REST_a_00039,"Own-wage elasticity reported in Table 2, specification 6, row ""Labor demand elasticity"".",0.4.0
Dube Lester Reich 2016,dlr_2016_jole,Journal of Labor Economics,-0.266,0.383,-1.016,0.484,Teens,0,US,1,"Arindrajit Dube, T. William Lester and Michael Reich","Minimum Wage Shocks, Employment Flows, and Labor Market Frictions",https://doi.org/10.1086/685449,"Wage and employment elasticities from Table 3, specification 2. Authors communicated that teens is the preferred group.",0.4.0
Dube Naidu Reich 2007,dnr_2007_ilrr,ILR Review,0.296,0.622,-0.924,1.516,Restaurants,0,US,1,"Arindrajit Dube, Suresh Naidu and Michael Reich",The Economic Effects of a Citywide Minimum Wage,https://doi.org/10.1177/001979390706000404,"Employment log change from Table 7, panel ""Ln(employment)"", specification 1 (""Full sample""). Wage effect from Table 2, specification 1 (""Full sample""), divided by 10.22, the Table 1, Wave 1, Treatment Group, Average Wage.",0.4.0
Dube and Lindner 2021,dl_2021_jep,Journal of Economic Perspectives,-0.12,0.38,-0.865,0.625,Low wage jobs,1,US,1,Arindrajit Dube and Attila Lindner,City Limits: What Do Local-Area Minimum Wages Do?,https://doi.org/10.1257/jep.35.1.27,"Own-wage elasticity reported in Figure 3, Panel B.",0.4.0
Dube and Zipperer 2015,dz_2015_wp,IZA Discussion Paper,-0.135,0.249,-0.622,0.352,Teens,0,US,0,Arindrajit Dube and Ben Zipperer,Pooling Multiple Case Studies Using Synthetic Controls: An Application to Minimum Wage Policies,https://docs.iza.org/dp8944.pdf,"Employment and wage elasticities from Table 6, Hodges-Lehmann estimate, with standard errors interpolated from the confidence interval.",0.4.0
Dustmann Lindner Schönberg Umkehrer Berge 2022,dlsub_2022_qje,Quarterly Journal of Economics,0.03,0.12,-0.205,0.265,"Overall, ages 18-60",1,Germany,1,"Christian Dustmann, Attila Lindner, Uta Schönberg, Matthias Umkehrer and Philipp vom Berge",Reallocation Effects of the Minimum Wage,https://doi.org/10.1093/qje/qjab028,Own-wage elasticity reported in footnote 27 on page 316.,0.4.0
Even and Macpherson 2014,em_2014_sej,Southern Economic Journal,-2.267,0.868,-3.967,-0.566,Restaurants,0,US,1,William E. Even and David A. Macpherson,The Effect of the Tipped Minimum Wage on Employees in the U.S. Restaurant Industry,https://doi.org/10.4284/0038-4038-2012.283,"Wage elasticity from Table 1 and employment elasticity from Table 2, using specification 1 (Full service, 1990:1 to 2011:4, no state-specific time trends), row ""Log of Tipped Minimum Wage"".  Standard errors calculated from t-statistics assuming normal distribution. Used tipped minimum wage only because that is the focus of the paper.",0.4.0
Gittings and Schmutte 2016,gs_2016_ilrr,ILR Review,0,0.75,-1.47,1.47,Teens,0,US,1,R. Kaj Gittings and Ian M. Schmutte,"Getting Handcuffs on an Octopus: Minimum Wages, Employment, and Turnover",https://doi.org/10.1177/0019793915623519,"Earnings elasticity from Table 4, Panel A, specification ""Log (earnings)"". Employment semi-elasticity from Table 4, Panel A, specification ""Employment / Population"", divided by 0.28, the mean QWI Teen end-of-quarter EPOP from Table 1.",0.4.0
Giuliano 2013,giuliano_2013_jole,Journal of Labor Economics,-0.59,0.613,-1.791,0.611,"Teens, Retail",0,US,1,Laura Giuliano,"Minimum Wage Effects on Employment, Substitution, and the Teenage Labor Supply: Evidence from Personnel Data",https://doi.org/10.1086/666921,"Own-wage elasticity reported in Table 4, column 6. Standard error calculated using our usual approximation, dividing Table 4 employment effect by Table 1, All stores FTE mean.",0.4.0
Giupponi Joyce Lindner Waters Wernham Xu 2024,gjlwwx_2024_jole,Journal of Labor Economics,-0.2,0.32,-0.827,0.427,Overall,1,UK,1,"Giulia Giupponi, Robert Joyce, Attila Lindner, Tom Waters, Thomas Wernham and Xiaowei Xu",The Employment and Distributional Impacts of Nationwide Minimum Wage Changes,https://www.dropbox.com/s/esmr58nm6mbs0zu/JOLE_NLW.pdf,"Own-wage elasticity reported in Table 2, Panel A.",0.4.0
Godoey and Reich 2021,gr_2021_ir,Industrial Relations,0.124,NA,NA,NA,High school or less,1,US,1,Anna Godoey and Michael Reich,Are Minimum Wage Effects Greater in Low-Wage Areas?,https://doi.org/10.1111/irel.12267,"Own-wage elasticity reported in Table A2, sample: High school or less, specification 1 (All).",0.4.0
Godøy Reich Wursten Allegretto 2024,grwa_2024_jhr,The Journal of Human Resources,0.09,0.41,-0.714,0.894,Low wage jobs,1,US,1,"Anna Godøy, Michael Reich, Jesse Wursten and Sylvia Allegretto",Parental Labor Supply: Evidence from Minimum Wage Changes,https://doi.org/10.3368/jhr.1119-10540R2,"Own-wage elasticity reported in Table 2, column ""Any, Any"".",0.4.0
Gopalan Hamilton Kalda Sovich 2021,ghks_2021_jole,Journal of Labor Economics,-0.38,NA,NA,NA,Overall,1,US,1,"Radhakrishnan Gopalan, Barton H. Hamilton, Ankit Kalda and David Sovich","State Minimum Wages, Employment, and Wage Spillovers: Evidence from Administrative Payroll Data",https://doi.org/10.1086/711355,owe calculated by authors on p.696 for total employment NOTE THAT THIS IS BROADEST,0.4.0
Hampton and Totty 2023,ht_2023_jpubeco,Journal of Public Economics,0.072,0.038,-0.003,0.146,Low wage workers,1,US,1,Matt Hampton and Evan Totty,"Minimum wages, retirement timing, and labor supply",https://doi.org/10.1016/j.jpubeco.2023.104924,"Weighted average of the own-wage elasticities reported in Table 7, where the weights are the sample sizes in Panel A. Standard errors for each group are calculated from the confidence interval span divided by 2 times 1.96",0.4.0
Hirsch Kaufman Zelenska 2015,hkz_2015_ir,Industrial Relations,0.392,0.328,-0.251,1.035,Restaurants,0,US,1,"Barry T. Hirsch, Bruce E. Kaufman and Tetyana Zelenska",Minimum Wage Channels of Adjustment,https://doi.org/10.1111/irel.12091,"Own-wage elasticity reported in Table 5, specification 7 (IV, Store FE), which authors refer to as their ""preferred employment elasticity"" on page 218.",0.4.0
Jardim Long Plotnick Inwegen Vigdor Wething 2022,jlpivw_2022_aejep,American Economic Journal: Economic Policy,-1.75,NA,NA,NA,Low wage jobs,1,US,1,"Ekaterina Jardim, Mark C. Long, Robert Plotnick, Emma van Inwegen, Jacob Vigdor and Hilary Wething",Minimum-Wage Increases and Low-Wage Employment: Evidence from Seattle,https://doi.org/10.1257/pol.20180578,"Wage elasticity from Table 6a, specification ""SC levels"", row ""2016:III"". Employment elasticity from Table 6c, specification ""SC levels"", row ""2016:III"". Communication with authors suggests synthetic control ""levels"" specification.",0.4.0
Jha Neumark Rodriguez-Lopez 2022,jnrl_2022_wp,IZA Discussion Paper,-1.485,0.89,-3.23,0.261,Restaurants,0,US,0,"Priyaranjan Jha, David Neumark and Antonio Rodriguez-Lopez",What’s across the Border? Re-Evaluating the Cross-Border Evidence on Minimum Wage Effects,https://docs.iza.org/dp15282.pdf,"Wage and employment elasticities from Table 3, specification 1.",0.4.0
Karabarbounis Lise Nath 2023,kln_2023_wp,NBER Working Paper,-1.103,NA,NA,NA,Low-wage establishments,1,US,0,"Loukas Karabarbounis, Jeremy Lise and Anusha Nath",Minimum Wages and Labor Markets in the Twin Cities,https://www.nber.org/system/files/working_papers/w30239/w30239.pdf,"Simple average of Minneapolis and St. Paul elasticities from Table 2, Baseline panel, 2021 values. Wage elasticities from ""Wage"" columns and employment elasticities from ""Jobs"" columns. Authors refer to Table 2 estimates in a discussion of own-wage elasticities in Section 5.3.",0.4.0
Katz and Krueger 1992,kk_1992_ilrr,ILR Review,1.734,0.934,-0.097,3.565,Restaurants,0,US,1,Lawrence F. Katz and Alan B. Krueger,The Effect of Minimum Wages on the Fast-Food Industry,https://doi.org/10.1177/001979399204600102,"Own-wage elasticity reported in Table 5, specification 2.",0.4.0
Kim and Taylor 1995,kt_1995_jbes,Journal of Business & Economic Statistics,-0.879,0.133,-1.14,-0.618,Retail,0,US,1,Taeil Kim and Lowell J. Taylor,The Employment Effect in Retail Trade of California’s 1988 Minimum Wage Increase,https://doi.org/10.1080/07350015.1995.10524591,"Own-wage elasticity reported in Table 4, specification 8 (IV).",0.4.0
Leung 2021,leung_2021_restat,The Review of Economics and Statistics,0.034,0.654,-1.249,1.316,Groceries,0,US,1,Justin H. Leung,Minimum Wage and Real Wage Inequality: Evidence from Pass-Through to Retail Prices,https://doi.org/10.1162/rest_a_00915,"Earnings and employment elasticities from Table 4, specification 2 (Grocery). Paper includes results for other sectors, but the main focus appears to be grocery stores where price effects are clear.",0.4.0
Liu Hyclack Regmi 2016,lhr_2016_labour,Labour,-0.828,0.254,-1.326,-0.329,Teens,0,US,1,"Shanshan Liu, Thomas J. Hyclack and Krishna Regmi",Impact of the Minimum Wage on Youth Labor Markets,https://doi.org/10.1111/labr.12071,"Employment and wage elasticities from Table 2, specifications ""14-18"", Panel B.",0.4.0
Machin Manning Rahman 2003,mmr_2003_jeea,Journal of the European Economic Association,-0.453,0.251,-0.945,0.039,Nursing homes,0,UK,1,"Stephen Machin, Alan Manning and Lupin Rahman",Where the Minimum Wage Bites Hard: Introduction of Minimum Wages to a Low Wage Sector,https://doi.org/10.1162/154247603322256792,"Simple average of own-wage elasticities reported in Table 6, specifications 7 and 8, panel ""Change in log number employed"".",0.4.0
Monras 2019,monras_2019_jole,Journal of Labor Economics,-0.667,NA,NA,NA,High school or less,1,US,1,Joan Monras,Minimum Wages and Spatial Equilibrium: Theory and Evidence,https://doi.org/10.1086/702650,"Own-wage elasticity reported in Table 3, specification ""Model 4"", row ""Implied local labor demand elasticity, FTE"". Specification confirmed with author by email.",0.4.0
Nadler Allegretto Godoey Reich 2019,nagr_2019_wp,IRLE Working Paper,0.21,0.201,-0.184,0.604,Restaurants,0,US,0,"Carl Nadler, Sylvia Allegretto, Anna Godoey and Michael Reich",Are Local Minimum Wages Too High and How Could We Even Know?,http://irle.berkeley.edu/files/2019/04/Are-Local-Minimum-Wages-Too-High.pdf,"Earnings elasticity from Table 3, specification 2, panel B. Employment elasticity from Table 3, specification 4, panel B.",0.4.0
Neumark Schweitzer Wascher 2004,nsw_2004_jhr,The Journal of Human Resources,-0.227,0.152,-0.525,0.071,Low wage incumbents,1,US,1,"David Neumark, Mark Schweitzer and William Wascher",Minimum Wage Effects throughout the Distribution,https://doi.org/10.3368/jhr.XXXIX.2.425,NA,0.4.0
Neumark and Nizalova 2007,nn_2007_jhr,The Journal of Human Resources,-0.913,0.579,-2.048,0.222,Teens,0,US,1,David Neumark and Olena Nizalova,Minimum Wage Effects in the Longer Run,https://doi.org/10.3368/jhr.XLII.2.435,"Wage elasticity from Table 2, specification 1, panel ""16-19"". Employment semi-elasticity from Table 2, specification 2, panel ""16-19"", divided by 46.45, the mean employment from Table 1, specification ""16-19-year olds"", ""Whole sample"".",0.4.0
Orrenius and Zavodny 2008,oz_2008_ilrr,ILR Review,-0.4,0.401,-1.186,0.386,"Less than High School, Immigrants, ages 20-54",0,US,1,Pia M. Orrenius and Madeline Zavodny,The Effect of Minimum Wages on Immigrants' Employment and Earnings,https://doi.org/10.1177/001979390806100406,"Wages: Table 3, column 2; Emp: Table 4, column 2",0.4.0
Renkin Montialoux Siegenthaler 2022,rms_2022_restat,The Review of Economics and Statistics,-0.093,0.446,-0.967,0.782,Groceries,0,US,1,"Tobias Renkin, Claire Montialoux and Michael Siegenthaler",The Pass-Through of Minimum Wages into U.S. Retail Prices: Evidence from Supermarket Scanner Data,https://doi.org/10.1162/rest_a_00981,"Table 4: Grocery, baseline",0.4.0
Ruffini 2022,ruffini_2022_restat,The Review of Economics and Statistics,0.261,0.202,-0.134,0.656,"Nursing homes, High school or less",0,US,1,Krista Ruffini,"Worker Earnings, Service Quality, and Firm Profitability: Evidence from Nursing Homes and Minimum Wage Reforms",https://doi.org/10.1162/rest_a_01271,"wage: table 2, column 3; emp: table 3, column 5",0.4.0
Sabia 2008,sabia_2008_jpam,Journal of Policy Analysis and Management,-0.888,NA,NA,NA,"Single Mothers, Less than High School",0,US,1,Joseph J. Sabia,Minimum Wages and the Economic Well-Being of Single Mothers,https://doi.org/10.1002/pam.20379,"wage: table 4 middle elasticity, emp: table 5, column 1 middle elasticity",0.4.0
Sabia 2009,sabia_2009_ir,Industrial Relations,-1.874,0.517,-2.888,-0.86,Teens,0,US,1,Joseph J. Sabia,Identifying Minimum Wage Effects: New Evidence from Monthly CPS Data,https://doi.org/10.1111/j.1468-232X.2009.00559.x,"Wage elasticity from Table 3, specification 6 (1979-2004, Year effects). Employment elasticity from Table 4, specification 6 (1979-2004, Year effects), with standard error from semi-elasticity scaled by the ratio of the elastiticy to semi-elasticity.",0.4.0
Sabia Burkhauser Hansen 2012,sbh_2012_ilrr,ILR Review,-2.213,1.275,-4.712,0.286,"Ages 16-29, Less than High School",0,US,1,"Joseph J. Sabia, Richard V. Burkhauser and Benjamin Hansen",Are the Effects of Minimum Wage Increases Always Small? New Evidence from a Case Study of New York State,https://doi.org/10.1177/001979391206500207,wage: Table 2 column 5; emp: Table 3 column 5,0.4.0
Slichter 2023,slichter_2023_jae,Journal of Applied Econometrics,-0.174,0.182,-0.531,0.183,Teens,0,US,1,David Slichter,The employment effects of the minimum wage: A selection ratio approach to measuring treatment effects,https://doi.org/10.1002/jae.2954,"Simple average of earnings and employment changes across five time period specifications, ""t"" through ""t+4"". Earnings effects from Appendix Table 6 and employment effects from Panel A of Table 2.",0.4.0
Stewart 2004,stewart_2004_jeea,Journal of the European Economic Association,0.262,0.516,-0.749,1.273,Adults,1,UK,1,Mark B. Stewart,The Impact of the Introduction of the U.K. Minimum Wage on the Employment Probabilities of Low-Wage Workers,https://doi.org/10.1162/154247604323015481,"Wage elasticity from Table 1, LFS actual hours, Full set of time dummies added. Employment elasticity from dividing the retentation rate percentage point change by an estimate of the average retention rate. Percentage point change in the retention rate is the simple average of Adult men and Adult women Table 2 raw linear difference-in-difference estimates, wage based on actual hours. Average retention rate of 81.4% estimated from dividing the total wage sample size in notes of Table 1 (44076) by the total employment sample size in notes of Table 2 (54165).",0.4.0
Thompson 2009,thompson_2009_ilrr,ILR Review,-0.392,0.161,-0.709,-0.076,Teens,0,US,1,Jeffrey P. Thompson,Using Local Labor Market Data to Re-examine the Employment Effects of the Minimum Wage,https://doi.org/10.1177/001979390906200305,"Wage: Table 6, column 1 row 1; Emp: Table 5, column 1 row 1",0.4.0
Totty 2017,totty_2017_ei,Economic Inquiry,-0.155,0.109,-0.369,0.058,Restaurants,0,US,1,Evan Totty,The Effect of Minimum Wages on Employment: A Factor Model Approach,https://doi.org/10.1111/ecin.12472,"Wage: Table 9, IFE; Emp: Table 3, IFE",0.4.0
Vergara 2023,vergara_2023_wp,Working Paper,0.446,NA,NA,NA,No college degree,1,US,0,Damián Vergara,Minimum Wages and Optimal Redistribution,https://dvergarad.github.io/files/JMP_DV.pdf,Table CII: wage elasticity (col 3) of .083 and employment elasticity (col 6) of .037,0.4.0
Wiltshire McPherson Reich 2023,wmr_2023_wp,IRLE Working Paper,1.2,0.383,0.45,1.95,Restaurants,0,US,0,"Justin C. Wiltshire, Carl McPherson and Michael Reich",Minimum Wage Effects and Monopsony Explanations,https://irle.berkeley.edu/wp-content/uploads/2023/09/Minimum-Wage-Effects-and-Monopsony-Explanations.pdf,"Table 2, Fast Food Workers, panel B",0.4.0
Wursten 2020,wursten_2020_wp,Working Paper,-0.221,0.15,-0.515,0.074,Restaurants,0,US,0,Jesse Wursten,Is Politics the Missing Piece of the Minimum Wage Puzzle?,http://dx.doi.org/10.13140/RG.2.2.14177.20329,"wage = Table 5, panel A, column 5; emp = table 2, panel B, column 1",0.4.0
Wursten 2021,wursten_2021_wp,Working Paper,-0.269,0.162,-0.587,0.049,Restaurants,0,US,0,Jesse Wursten,Estimating the earnings and employment effects of the minimum wage through differences in exposure across US counties,https://www.dropbox.com/s/2f5j0mjyama8q0p/CAMWE_draft36.pdf?dl=0,"wage & emp = p.21, standard errors from author by email",0.4.0
Wursten and Reich 2023a,wr_2023_le,Labour Economics,0.003,0.01,-0.016,0.022,Overall,1,US,1,Jesse Wursten and Michael Reich,Racial inequality in frictional labor markets: Evidence from minimum wages,https://doi.org/10.1016/j.labeco.2023.102344,Weighted average of HSOL < $20 OWEs in Table E4 using shares in Table 2,0.4.0
Wursten and Reich 2023b,wr_2023_wp,ILRE Working Paper,-0.312,0.262,-0.826,0.201,"Restaurants, Teens, ages 19-21, Groceries",0,US,0,Jesse Wursten and Michael Reich,Small Business and the Minimum Wage,https://irle.berkeley.edu/wp-content/uploads/2023/03/Small-Businesses-and-the-Minimum-Wage-3-14-23.pdf,"Simple average of four wage and employment elasticities from Tables 3-6: the ""All"" column for Restaurants, General merchanidise/grocery stores, Teens 14-18, and Young adults 19-21.",0.4.0
Zavodny 2000,zavodny_2000_le,Labour Economics,-0.174,0.896,-1.93,1.582,Teens,0,US,1,Madeline Zavodny,The Effect of the Minimum Wage on Employment and Hours,https://doi.org/10.1016/S0927-5371(00)00021-X,"Employment elasticity from Table 1, specification 1, row ""Log of real minimum wage"". Hourly wage semi-elasticity estimate and standard error from Table 1, specification 7, row ""Log of real minimum wage"", divided by 5.68, reported in Table 2 for the Total sample as the ""Average real hourly wage in the first year"".",0.4.0
